Time,SCHEDULED_MIXED_WORKLOADS_ZONE::Des Heat Load [W],SCHEDULED_MIXED_WORKLOADS_ZONE:ATLANTA_SUMMER_DESIGN_DAY:Des Sens Cool Load [W],SCHEDULED_MIXED_WORKLOADS_ZONE::Des Heat Mass Flow [kg/s],SCHEDULED_MIXED_WORKLOADS_ZONE:ATLANTA_SUMMER_DESIGN_DAY:Des Cool Mass Flow [kg/s],SCHEDULED_MIXED_WORKLOADS_ZONE::Des Latent Heat Load [W],SCHEDULED_MIXED_WORKLOADS_ZONE::Des Latent Cool Load [W],SCHEDULED_MIXED_WORKLOADS_ZONE::Des Latent Heat Mass Flow [kg/s],SCHEDULED_MIXED_WORKLOADS_ZONE::Des Latent Cool Mass Flow [kg/s],SCHEDULED_MIXED_WORKLOADS_ZONE::Des Heat Load No DOAS [W],SCHEDULED_MIXED_WORKLOADS_ZONE::Des Sens Cool Load No DOAS [W],SCHEDULED_MIXED_WORKLOADS_ZONE::Des Latent Heat Load No DOAS [W],SCHEDULED_MIXED_WORKLOADS_ZONE::Des Latent Cool Load No DOAS [W],SCHEDULED_MIXED_WORKLOADS_ZONE::Heating Zone Temperature [C],SCHEDULED_MIXED_WORKLOADS_ZONE::Heating Zone Relative Humidity [%],SCHEDULED_MIXED_WORKLOADS_ZONE:ATLANTA_SUMMER_DESIGN_DAY:Cooling Zone Temperature [C],SCHEDULED_MIXED_WORKLOADS_ZONE:ATLANTA_SUMMER_DESIGN_DAY:Cooling Zone Relative Humidity [%]
00:15:00,0.000000E+00,2.051236E+05,0.000000E+00,1.227247E+01,0.000000E+00,0.000000E+00,0.000000E+00,0.000000E+00,0.000000E+00,0.000000E+00,0.000000E+00,0.000000E+00,0.000000E+00,0.000000E+00,2.940000E+01,2.949344E+01
00:30:00,0.000000E+00,2.051236E+05,0.000000E+00,1.227247E+01,0.000000E+00,0.000000E+00,0.000000E+00,0.000000E+00,0.000000E+00,0.000000E+00,0.000000E+00,0.000000E+00,0.000000E+00,0.000000E+00,2.940000E+01,2.949344E+01
00:45:00,0.000000E+00,2.051236E+05,0.000000E+00,1.227247E+01,0.000000E+00,0.000000E+00,0.000000E+00,0.000000E+00,0.000000E+00,0.000000E+00,0.000000E+00,0.000000E+00,0.000000E+00,0.000000E+00,2.940000E+01,2.949344E+01
01:00:00,0.000000E+00,2.051236E+05,0.000000E+00,1.227247E+01,0.000000E+00,0.000000E+00,0.000000E+00,0.000000E+00,0.000000E+00,0.000000E+00,0.000000E+00,0.000000E+00,0.000000E+00,0.000000E+00,2.940000E+01,2.949344E+01
01:15:00,0.000000E+00,2.051236E+05,0.000000E+00,1.227247E+01,0.000000E+00,0.000000E+00,0.000000E+00,0.000000E+00,0.000000E+00,0.000000E+00,0.000000E+00,0.000000E+00,0.000000E+00,0.000000E+00,2.940000E+01,2.949344E+01
01:30:00,0.000000E+00,2.051236E+05,0.000000E+00,1.227247E+01,0.000000E+00,0.000000E+00,0.000000E+00,0.000000E+00,0.000000E+00,0.000000E+00,0.000000E+00,0.000000E+00,0.000000E+00,0.000000E+00,2.940000E+01,2.949344E+01
01:45:00,0.000000E+00,2.051236E+05,0.000000E+00,1.227247E+01,0.000000E+00,0.000000E+00,0.000000E+00,0.000000E+00,0.000000E+00,0.000000E+00,0.000000E+00,0.000000E+00,0.000000E+00,0.000000E+00,2.940000E+01,2.949344E+01
02:00:00,0.000000E+00,2.051236E+05,0.000000E+00,1.227247E+01,0.000000E+00,0.000000E+00,0.000000E+00,0.000000E+00,0.000000E+00,0.000000E+00,0.000000E+00,0.000000E+00,0.000000E+00,0.000000E+00,2.940000E+01,2.949344E+01
02:15:00,0.000000E+00,2.051236E+05,0.000000E+00,1.227247E+01,0.000000E+00,0.000000E+00,0.000000E+00,0.000000E+00,0.000000E+00,0.000000E+00,0.000000E+00,0.000000E+00,0.000000E+00,0.000000E+00,2.940000E+01,2.949344E+01
02:30:00,0.000000E+00,2.051236E+05,0.000000E+00,1.227247E+01,0.000000E+00,0.000000E+00,0.000000E+00,0.000000E+00,0.000000E+00,0.000000E+00,0.000000E+00,0.000000E+00,0.000000E+00,0.000000E+00,2.940000E+01,2.949344E+01
02:45:00,0.000000E+00,2.051236E+05,0.000000E+00,1.227247E+01,0.000000E+00,0.000000E+00,0.000000E+00,0.000000E+00,0.000000E+00,0.000000E+00,0.000000E+00,0.000000E+00,0.000000E+00,0.000000E+00,2.940000E+01,2.949344E+01
03:00:00,0.000000E+00,2.051236E+05,0.000000E+00,1.227247E+01,0.000000E+00,0.000000E+00,0.000000E+00,0.000000E+00,0.000000E+00,0.000000E+00,0.000000E+00,0.000000E+00,0.000000E+00,0.000000E+00,2.940000E+01,2.949344E+01
03:15:00,0.000000E+00,2.051236E+05,0.000000E+00,1.227247E+01,0.000000E+00,0.000000E+00,0.000000E+00,0.000000E+00,0.000000E+00,0.000000E+00,0.000000E+00,0.000000E+00,0.000000E+00,0.000000E+00,2.940000E+01,2.949344E+01
03:30:00,0.000000E+00,2.051236E+05,0.000000E+00,1.227247E+01,0.000000E+00,0.000000E+00,0.000000E+00,0.000000E+00,0.000000E+00,0.000000E+00,0.000000E+00,0.000000E+00,0.000000E+00,0.000000E+00,2.940000E+01,2.949344E+01
03:45:00,0.000000E+00,2.051236E+05,0.000000E+00,1.227247E+01,0.000000E+00,0.000000E+00,0.000000E+00,0.000000E+00,0.000000E+00,0.000000E+00,0.000000E+00,0.000000E+00,0.000000E+00,0.000000E+00,2.940000E+01,2.949344E+01
04:00:00,0.000000E+00,2.051236E+05,0.000000E+00,1.227247E+01,0.000000E+00,0.000000E+00,0.000000E+00,0.000000E+00,0.000000E+00,0.000000E+00,0.000000E+00,0.000000E+00,0.000000E+00,0.000000E+00,2.940000E+01,2.949344E+01
04:15:00,0.000000E+00,2.051236E+05,0.000000E+00,1.227247E+01,0.000000E+00,0.000000E+00,0.000000E+00,0.000000E+00,0.000000E+00,0.000000E+00,0.000000E+00,0.000000E+00,0.000000E+00,0.000000E+00,2.940000E+01,2.949344E+01
04:30:00,0.000000E+00,2.051236E+05,0.000000E+00,1.227247E+01,0.000000E+00,0.000000E+00,0.000000E+00,0.000000E+00,0.000000E+00,0.000000E+00,0.000000E+00,0.000000E+00,0.000000E+00,0.000000E+00,2.940000E+01,2.949344E+01
04:45:00,0.000000E+00,2.051236E+05,0.000000E+00,1.227247E+01,0.000000E+00,0.000000E+00,0.000000E+00,0.000000E+00,0.000000E+00,0.000000E+00,0.000000E+00,0.000000E+00,0.000000E+00,0.000000E+00,2.940000E+01,2.949344E+01
05:00:00,0.000000E+00,2.051236E+05,0.000000E+00,1.227247E+01,0.000000E+00,0.000000E+00,0.000000E+00,0.000000E+00,0.000000E+00,0.000000E+00,0.000000E+00,0.000000E+00,0.000000E+00,0.000000E+00,2.940000E+01,2.949344E+01
05:15:00,0.000000E+00,2.051236E+05,0.000000E+00,1.227247E+01,0.000000E+00,0.000000E+00,0.000000E+00,0.000000E+00,0.000000E+00,0.000000E+00,0.000000E+00,0.000000E+00,0.000000E+00,0.000000E+00,2.940000E+01,2.949344E+01
05:30:00,0.000000E+00,2.051236E+05,0.000000E+00,1.227247E+01,0.000000E+00,0.000000E+00,0.000000E+00,0.000000E+00,0.000000E+00,0.000000E+00,0.000000E+00,0.000000E+00,0.000000E+00,0.000000E+00,2.940000E+01,2.949344E+01
05:45:00,0.000000E+00,2.051236E+05,0.000000E+00,1.227247E+01,0.000000E+00,0.000000E+00,0.000000E+00,0.000000E+00,0.000000E+00,0.000000E+00,0.000000E+00,0.000000E+00,0.000000E+00,0.000000E+00,2.940000E+01,2.949344E+01
06:00:00,0.000000E+00,2.051236E+05,0.000000E+00,1.227247E+01,0.000000E+00,0.000000E+00,0.000000E+00,0.000000E+00,0.000000E+00,0.000000E+00,0.000000E+00,0.000000E+00,0.000000E+00,0.000000E+00,2.940000E+01,2.949344E+01
06:15:00,0.000000E+00,2.051236E+05,0.000000E+00,1.227247E+01,0.000000E+00,0.000000E+00,0.000000E+00,0.000000E+00,0.000000E+00,0.000000E+00,0.000000E+00,0.000000E+00,0.000000E+00,0.000000E+00,2.940000E+01,2.949344E+01
06:30:00,0.000000E+00,2.051236E+05,0.000000E+00,1.227247E+01,0.000000E+00,0.000000E+00,0.000000E+00,0.000000E+00,0.000000E+00,0.000000E+00,0.000000E+00,0.000000E+00,0.000000E+00,0.000000E+00,2.940000E+01,2.949344E+01
06:45:00,0.000000E+00,2.051236E+05,0.000000E+00,1.227247E+01,0.000000E+00,0.000000E+00,0.000000E+00,0.000000E+00,0.000000E+00,0.000000E+00,0.000000E+00,0.000000E+00,0.000000E+00,0.000000E+00,2.940000E+01,2.949344E+01
07:00:00,0.000000E+00,2.051236E+05,0.000000E+00,1.227247E+01,0.000000E+00,0.000000E+00,0.000000E+00,0.000000E+00,0.000000E+00,0.000000E+00,0.000000E+00,0.000000E+00,0.000000E+00,0.000000E+00,2.940000E+01,2.949344E+01
07:15:00,0.000000E+00,2.051236E+05,0.000000E+00,1.227247E+01,0.000000E+00,0.000000E+00,0.000000E+00,0.000000E+00,0.000000E+00,0.000000E+00,0.000000E+00,0.000000E+00,0.000000E+00,0.000000E+00,2.940000E+01,2.949344E+01
07:30:00,0.000000E+00,2.051236E+05,0.000000E+00,1.227247E+01,0.000000E+00,0.000000E+00,0.000000E+00,0.000000E+00,0.000000E+00,0.000000E+00,0.000000E+00,0.000000E+00,0.000000E+00,0.000000E+00,2.940000E+01,2.949344E+01
07:45:00,0.000000E+00,2.051236E+05,0.000000E+00,1.227247E+01,0.000000E+00,0.000000E+00,0.000000E+00,0.000000E+00,0.000000E+00,0.000000E+00,0.000000E+00,0.000000E+00,0.000000E+00,0.000000E+00,2.940000E+01,2.949344E+01
08:00:00,0.000000E+00,2.051236E+05,0.000000E+00,1.227247E+01,0.000000E+00,0.000000E+00,0.000000E+00,0.000000E+00,0.000000E+00,0.000000E+00,0.000000E+00,0.000000E+00,0.000000E+00,0.000000E+00,2.940000E+01,2.949344E+01
08:15:00,0.000000E+00,2.051236E+05,0.000000E+00,1.227247E+01,0.000000E+00,0.000000E+00,0.000000E+00,0.000000E+00,0.000000E+00,0.000000E+00,0.000000E+00,0.000000E+00,0.000000E+00,0.000000E+00,2.940000E+01,2.949344E+01
08:30:00,0.000000E+00,2.051236E+05,0.000000E+00,1.227247E+01,0.000000E+00,0.000000E+00,0.000000E+00,0.000000E+00,0.000000E+00,0.000000E+00,0.000000E+00,0.000000E+00,0.000000E+00,0.000000E+00,2.940000E+01,2.949344E+01
08:45:00,0.000000E+00,2.051236E+05,0.000000E+00,1.227247E+01,0.000000E+00,0.000000E+00,0.000000E+00,0.000000E+00,0.000000E+00,0.000000E+00,0.000000E+00,0.000000E+00,0.000000E+00,0.000000E+00,2.940000E+01,2.949344E+01
09:00:00,0.000000E+00,2.051236E+05,0.000000E+00,1.227247E+01,0.000000E+00,0.000000E+00,0.000000E+00,0.000000E+00,0.000000E+00,0.000000E+00,0.000000E+00,0.000000E+00,0.000000E+00,0.000000E+00,2.940000E+01,2.949344E+01
09:15:00,0.000000E+00,2.051236E+05,0.000000E+00,1.227247E+01,0.000000E+00,0.000000E+00,0.000000E+00,0.000000E+00,0.000000E+00,0.000000E+00,0.000000E+00,0.000000E+00,0.000000E+00,0.000000E+00,2.940000E+01,2.949344E+01
09:30:00,0.000000E+00,2.051236E+05,0.000000E+00,1.227247E+01,0.000000E+00,0.000000E+00,0.000000E+00,0.000000E+00,0.000000E+00,0.000000E+00,0.000000E+00,0.000000E+00,0.000000E+00,0.000000E+00,2.940000E+01,2.949344E+01
09:45:00,0.000000E+00,2.051236E+05,0.000000E+00,1.227247E+01,0.000000E+00,0.000000E+00,0.000000E+00,0.000000E+00,0.000000E+00,0.000000E+00,0.000000E+00,0.000000E+00,0.000000E+00,0.000000E+00,2.940000E+01,2.949344E+01
10:00:00,0.000000E+00,2.051236E+05,0.000000E+00,1.227247E+01,0.000000E+00,0.000000E+00,0.000000E+00,0.000000E+00,0.000000E+00,0.000000E+00,0.000000E+00,0.000000E+00,0.000000E+00,0.000000E+00,2.940000E+01,2.949344E+01
10:15:00,0.000000E+00,2.051236E+05,0.000000E+00,1.227247E+01,0.000000E+00,0.000000E+00,0.000000E+00,0.000000E+00,0.000000E+00,0.000000E+00,0.000000E+00,0.000000E+00,0.000000E+00,0.000000E+00,2.940000E+01,2.949344E+01
10:30:00,0.000000E+00,2.051236E+05,0.000000E+00,1.227247E+01,0.000000E+00,0.000000E+00,0.000000E+00,0.000000E+00,0.000000E+00,0.000000E+00,0.000000E+00,0.000000E+00,0.000000E+00,0.000000E+00,2.940000E+01,2.949344E+01
10:45:00,0.000000E+00,2.051236E+05,0.000000E+00,1.227247E+01,0.000000E+00,0.000000E+00,0.000000E+00,0.000000E+00,0.000000E+00,0.000000E+00,0.000000E+00,0.000000E+00,0.000000E+00,0.000000E+00,2.940000E+01,2.949344E+01
11:00:00,0.000000E+00,2.051236E+05,0.000000E+00,1.227247E+01,0.000000E+00,0.000000E+00,0.000000E+00,0.000000E+00,0.000000E+00,0.000000E+00,0.000000E+00,0.000000E+00,0.000000E+00,0.000000E+00,2.940000E+01,2.949344E+01
11:15:00,0.000000E+00,2.051236E+05,0.000000E+00,1.227247E+01,0.000000E+00,0.000000E+00,0.000000E+00,0.000000E+00,0.000000E+00,0.000000E+00,0.000000E+00,0.000000E+00,0.000000E+00,0.000000E+00,2.940000E+01,2.949344E+01
11:30:00,0.000000E+00,2.051236E+05,0.000000E+00,1.227247E+01,0.000000E+00,0.000000E+00,0.000000E+00,0.000000E+00,0.000000E+00,0.000000E+00,0.000000E+00,0.000000E+00,0.000000E+00,0.000000E+00,2.940000E+01,2.949344E+01
11:45:00,0.000000E+00,2.051236E+05,0.000000E+00,1.227247E+01,0.000000E+00,0.000000E+00,0.000000E+00,0.000000E+00,0.000000E+00,0.000000E+00,0.000000E+00,0.000000E+00,0.000000E+00,0.000000E+00,2.940000E+01,2.949344E+01
12:00:00,0.000000E+00,2.051236E+05,0.000000E+00,1.227247E+01,0.000000E+00,0.000000E+00,0.000000E+00,0.000000E+00,0.000000E+00,0.000000E+00,0.000000E+00,0.000000E+00,0.000000E+00,0.000000E+00,2.940000E+01,2.949344E+01
12:15:00,0.000000E+00,2.051236E+05,0.000000E+00,1.227247E+01,0.000000E+00,0.000000E+00,0.000000E+00,0.000000E+00,0.000000E+00,0.000000E+00,0.000000E+00,0.000000E+00,0.000000E+00,0.000000E+00,2.940000E+01,2.949344E+01
12:30:00,0.000000E+00,2.051236E+05,0.000000E+00,1.227247E+01,0.000000E+00,0.000000E+00,0.000000E+00,0.000000E+00,0.000000E+00,0.000000E+00,0.000000E+00,0.000000E+00,0.000000E+00,0.000000E+00,2.940000E+01,2.949344E+01
12:45:00,0.000000E+00,2.051236E+05,0.000000E+00,1.227247E+01,0.000000E+00,0.000000E+00,0.000000E+00,0.000000E+00,0.000000E+00,0.000000E+00,0.000000E+00,0.000000E+00,0.000000E+00,0.000000E+00,2.940000E+01,2.949344E+01
13:00:00,0.000000E+00,2.051236E+05,0.000000E+00,1.227247E+01,0.000000E+00,0.000000E+00,0.000000E+00,0.000000E+00,0.000000E+00,0.000000E+00,0.000000E+00,0.000000E+00,0.000000E+00,0.000000E+00,2.940000E+01,2.949344E+01
13:15:00,0.000000E+00,2.051236E+05,0.000000E+00,1.227247E+01,0.000000E+00,0.000000E+00,0.000000E+00,0.000000E+00,0.000000E+00,0.000000E+00,0.000000E+00,0.000000E+00,0.000000E+00,0.000000E+00,2.940000E+01,2.949344E+01
13:30:00,0.000000E+00,2.051236E+05,0.000000E+00,1.227247E+01,0.000000E+00,0.000000E+00,0.000000E+00,0.000000E+00,0.000000E+00,0.000000E+00,0.000000E+00,0.000000E+00,0.000000E+00,0.000000E+00,2.940000E+01,2.949344E+01
13:45:00,0.000000E+00,2.051236E+05,0.000000E+00,1.227247E+01,0.000000E+00,0.000000E+00,0.000000E+00,0.000000E+00,0.000000E+00,0.000000E+00,0.000000E+00,0.000000E+00,0.000000E+00,0.000000E+00,2.940000E+01,2.949344E+01
14:00:00,0.000000E+00,2.051236E+05,0.000000E+00,1.227247E+01,0.000000E+00,0.000000E+00,0.000000E+00,0.000000E+00,0.000000E+00,0.000000E+00,0.000000E+00,0.000000E+00,0.000000E+00,0.000000E+00,2.940000E+01,2.949344E+01
14:15:00,0.000000E+00,2.051236E+05,0.000000E+00,1.227247E+01,0.000000E+00,0.000000E+00,0.000000E+00,0.000000E+00,0.000000E+00,0.000000E+00,0.000000E+00,0.000000E+00,0.000000E+00,0.000000E+00,2.940000E+01,2.949344E+01
14:30:00,0.000000E+00,2.051236E+05,0.000000E+00,1.227247E+01,0.000000E+00,0.000000E+00,0.000000E+00,0.000000E+00,0.000000E+00,0.000000E+00,0.000000E+00,0.000000E+00,0.000000E+00,0.000000E+00,2.940000E+01,2.949344E+01
14:45:00,0.000000E+00,2.051236E+05,0.000000E+00,1.227247E+01,0.000000E+00,0.000000E+00,0.000000E+00,0.000000E+00,0.000000E+00,0.000000E+00,0.000000E+00,0.000000E+00,0.000000E+00,0.000000E+00,2.940000E+01,2.949344E+01
15:00:00,0.000000E+00,2.051236E+05,0.000000E+00,1.227247E+01,0.000000E+00,0.000000E+00,0.000000E+00,0.000000E+00,0.000000E+00,0.000000E+00,0.000000E+00,0.000000E+00,0.000000E+00,0.000000E+00,2.940000E+01,2.949344E+01
15:15:00,0.000000E+00,2.051236E+05,0.000000E+00,1.227247E+01,0.000000E+00,0.000000E+00,0.000000E+00,0.000000E+00,0.000000E+00,0.000000E+00,0.000000E+00,0.000000E+00,0.000000E+00,0.000000E+00,2.940000E+01,2.949344E+01
15:30:00,0.000000E+00,2.051236E+05,0.000000E+00,1.227247E+01,0.000000E+00,0.000000E+00,0.000000E+00,0.000000E+00,0.000000E+00,0.000000E+00,0.000000E+00,0.000000E+00,0.000000E+00,0.000000E+00,2.940000E+01,2.949344E+01
15:45:00,0.000000E+00,2.051236E+05,0.000000E+00,1.227247E+01,0.000000E+00,0.000000E+00,0.000000E+00,0.000000E+00,0.000000E+00,0.000000E+00,0.000000E+00,0.000000E+00,0.000000E+00,0.000000E+00,2.940000E+01,2.949344E+01
16:00:00,0.000000E+00,2.051236E+05,0.000000E+00,1.227247E+01,0.000000E+00,0.000000E+00,0.000000E+00,0.000000E+00,0.000000E+00,0.000000E+00,0.000000E+00,0.000000E+00,0.000000E+00,0.000000E+00,2.940000E+01,2.949344E+01
16:15:00,0.000000E+00,2.051236E+05,0.000000E+00,1.227247E+01,0.000000E+00,0.000000E+00,0.000000E+00,0.000000E+00,0.000000E+00,0.000000E+00,0.000000E+00,0.000000E+00,0.000000E+00,0.000000E+00,2.940000E+01,2.949344E+01
16:30:00,0.000000E+00,2.051236E+05,0.000000E+00,1.227247E+01,0.000000E+00,0.000000E+00,0.000000E+00,0.000000E+00,0.000000E+00,0.000000E+00,0.000000E+00,0.000000E+00,0.000000E+00,0.000000E+00,2.940000E+01,2.949344E+01
16:45:00,0.000000E+00,2.051236E+05,0.000000E+00,1.227247E+01,0.000000E+00,0.000000E+00,0.000000E+00,0.000000E+00,0.000000E+00,0.000000E+00,0.000000E+00,0.000000E+00,0.000000E+00,0.000000E+00,2.940000E+01,2.949344E+01
17:00:00,0.000000E+00,2.051236E+05,0.000000E+00,1.227247E+01,0.000000E+00,0.000000E+00,0.000000E+00,0.000000E+00,0.000000E+00,0.000000E+00,0.000000E+00,0.000000E+00,0.000000E+00,0.000000E+00,2.940000E+01,2.949344E+01
17:15:00,0.000000E+00,2.051236E+05,0.000000E+00,1.227247E+01,0.000000E+00,0.000000E+00,0.000000E+00,0.000000E+00,0.000000E+00,0.000000E+00,0.000000E+00,0.000000E+00,0.000000E+00,0.000000E+00,2.940000E+01,2.949344E+01
17:30:00,0.000000E+00,2.051236E+05,0.000000E+00,1.227247E+01,0.000000E+00,0.000000E+00,0.000000E+00,0.000000E+00,0.000000E+00,0.000000E+00,0.000000E+00,0.000000E+00,0.000000E+00,0.000000E+00,2.940000E+01,2.949344E+01
17:45:00,0.000000E+00,2.051236E+05,0.000000E+00,1.227247E+01,0.000000E+00,0.000000E+00,0.000000E+00,0.000000E+00,0.000000E+00,0.000000E+00,0.000000E+00,0.000000E+00,0.000000E+00,0.000000E+00,2.940000E+01,2.949344E+01
18:00:00,0.000000E+00,2.051236E+05,0.000000E+00,1.227247E+01,0.000000E+00,0.000000E+00,0.000000E+00,0.000000E+00,0.000000E+00,0.000000E+00,0.000000E+00,0.000000E+00,0.000000E+00,0.000000E+00,2.940000E+01,2.949344E+01
18:15:00,0.000000E+00,2.051236E+05,0.000000E+00,1.227247E+01,0.000000E+00,0.000000E+00,0.000000E+00,0.000000E+00,0.000000E+00,0.000000E+00,0.000000E+00,0.000000E+00,0.000000E+00,0.000000E+00,2.940000E+01,2.949344E+01
18:30:00,0.000000E+00,2.051236E+05,0.000000E+00,1.227247E+01,0.000000E+00,0.000000E+00,0.000000E+00,0.000000E+00,0.000000E+00,0.000000E+00,0.000000E+00,0.000000E+00,0.000000E+00,0.000000E+00,2.940000E+01,2.949344E+01
18:45:00,0.000000E+00,2.051236E+05,0.000000E+00,1.227247E+01,0.000000E+00,0.000000E+00,0.000000E+00,0.000000E+00,0.000000E+00,0.000000E+00,0.000000E+00,0.000000E+00,0.000000E+00,0.000000E+00,2.940000E+01,2.949344E+01
19:00:00,0.000000E+00,2.051236E+05,0.000000E+00,1.227247E+01,0.000000E+00,0.000000E+00,0.000000E+00,0.000000E+00,0.000000E+00,0.000000E+00,0.000000E+00,0.000000E+00,0.000000E+00,0.000000E+00,2.940000E+01,2.949344E+01
19:15:00,0.000000E+00,2.051236E+05,0.000000E+00,1.227247E+01,0.000000E+00,0.000000E+00,0.000000E+00,0.000000E+00,0.000000E+00,0.000000E+00,0.000000E+00,0.000000E+00,0.000000E+00,0.000000E+00,2.940000E+01,2.949344E+01
19:30:00,0.000000E+00,2.051236E+05,0.000000E+00,1.227247E+01,0.000000E+00,0.000000E+00,0.000000E+00,0.000000E+00,0.000000E+00,0.000000E+00,0.000000E+00,0.000000E+00,0.000000E+00,0.000000E+00,2.940000E+01,2.949344E+01
19:45:00,0.000000E+00,2.051236E+05,0.000000E+00,1.227247E+01,0.000000E+00,0.000000E+00,0.000000E+00,0.000000E+00,0.000000E+00,0.000000E+00,0.000000E+00,0.000000E+00,0.000000E+00,0.000000E+00,2.940000E+01,2.949344E+01
20:00:00,0.000000E+00,2.051236E+05,0.000000E+00,1.227247E+01,0.000000E+00,0.000000E+00,0.000000E+00,0.000000E+00,0.000000E+00,0.000000E+00,0.000000E+00,0.000000E+00,0.000000E+00,0.000000E+00,2.940000E+01,2.949344E+01
20:15:00,0.000000E+00,2.051236E+05,0.000000E+00,1.227247E+01,0.000000E+00,0.000000E+00,0.000000E+00,0.000000E+00,0.000000E+00,0.000000E+00,0.000000E+00,0.000000E+00,0.000000E+00,0.000000E+00,2.940000E+01,2.949344E+01
20:30:00,0.000000E+00,2.051236E+05,0.000000E+00,1.227247E+01,0.000000E+00,0.000000E+00,0.000000E+00,0.000000E+00,0.000000E+00,0.000000E+00,0.000000E+00,0.000000E+00,0.000000E+00,0.000000E+00,2.940000E+01,2.949344E+01
20:45:00,0.000000E+00,2.051236E+05,0.000000E+00,1.227247E+01,0.000000E+00,0.000000E+00,0.000000E+00,0.000000E+00,0.000000E+00,0.000000E+00,0.000000E+00,0.000000E+00,0.000000E+00,0.000000E+00,2.940000E+01,2.949344E+01
21:00:00,0.000000E+00,2.051236E+05,0.000000E+00,1.227247E+01,0.000000E+00,0.000000E+00,0.000000E+00,0.000000E+00,0.000000E+00,0.000000E+00,0.000000E+00,0.000000E+00,0.000000E+00,0.000000E+00,2.940000E+01,2.949344E+01
21:15:00,0.000000E+00,2.051236E+05,0.000000E+00,1.227247E+01,0.000000E+00,0.000000E+00,0.000000E+00,0.000000E+00,0.000000E+00,0.000000E+00,0.000000E+00,0.000000E+00,0.000000E+00,0.000000E+00,2.940000E+01,2.949344E+01
21:30:00,0.000000E+00,2.051236E+05,0.000000E+00,1.227247E+01,0.000000E+00,0.000000E+00,0.000000E+00,0.000000E+00,0.000000E+00,0.000000E+00,0.000000E+00,0.000000E+00,0.000000E+00,0.000000E+00,2.940000E+01,2.949344E+01
21:45:00,0.000000E+00,2.051236E+05,0.000000E+00,1.227247E+01,0.000000E+00,0.000000E+00,0.000000E+00,0.000000E+00,0.000000E+00,0.000000E+00,0.000000E+00,0.000000E+00,0.000000E+00,0.000000E+00,2.940000E+01,2.949344E+01
22:00:00,0.000000E+00,2.051236E+05,0.000000E+00,1.227247E+01,0.000000E+00,0.000000E+00,0.000000E+00,0.000000E+00,0.000000E+00,0.000000E+00,0.000000E+00,0.000000E+00,0.000000E+00,0.000000E+00,2.940000E+01,2.949344E+01
22:15:00,0.000000E+00,2.051236E+05,0.000000E+00,1.227247E+01,0.000000E+00,0.000000E+00,0.000000E+00,0.000000E+00,0.000000E+00,0.000000E+00,0.000000E+00,0.000000E+00,0.000000E+00,0.000000E+00,2.940000E+01,2.949344E+01
22:30:00,0.000000E+00,2.051236E+05,0.000000E+00,1.227247E+01,0.000000E+00,0.000000E+00,0.000000E+00,0.000000E+00,0.000000E+00,0.000000E+00,0.000000E+00,0.000000E+00,0.000000E+00,0.000000E+00,2.940000E+01,2.949344E+01
22:45:00,0.000000E+00,2.051236E+05,0.000000E+00,1.227247E+01,0.000000E+00,0.000000E+00,0.000000E+00,0.000000E+00,0.000000E+00,0.000000E+00,0.000000E+00,0.000000E+00,0.000000E+00,0.000000E+00,2.940000E+01,2.949344E+01
23:00:00,0.000000E+00,2.051236E+05,0.000000E+00,1.227247E+01,0.000000E+00,0.000000E+00,0.000000E+00,0.000000E+00,0.000000E+00,0.000000E+00,0.000000E+00,0.000000E+00,0.000000E+00,0.000000E+00,2.940000E+01,2.949344E+01
23:15:00,0.000000E+00,2.051236E+05,0.000000E+00,1.227247E+01,0.000000E+00,0.000000E+00,0.000000E+00,0.000000E+00,0.000000E+00,0.000000E+00,0.000000E+00,0.000000E+00,0.000000E+00,0.000000E+00,2.940000E+01,2.949344E+01
23:30:00,0.000000E+00,2.051236E+05,0.000000E+00,1.227247E+01,0.000000E+00,0.000000E+00,0.000000E+00,0.000000E+00,0.000000E+00,0.000000E+00,0.000000E+00,0.000000E+00,0.000000E+00,0.000000E+00,2.940000E+01,2.949344E+01
23:45:00,0.000000E+00,2.051236E+05,0.000000E+00,1.227247E+01,0.000000E+00,0.000000E+00,0.000000E+00,0.000000E+00,0.000000E+00,0.000000E+00,0.000000E+00,0.000000E+00,0.000000E+00,0.000000E+00,2.940000E+01,2.949344E+01
24:00:00,0.000000E+00,2.051236E+05,0.000000E+00,1.227247E+01,0.000000E+00,0.000000E+00,0.000000E+00,0.000000E+00,0.000000E+00,0.000000E+00,0.000000E+00,0.000000E+00,0.000000E+00,0.000000E+00,2.940000E+01,2.949344E+01
Peak,0.000000E+00,2.051236E+05,0.000000E+00,1.227247E+01,0.000000E+00,0.000000E+00,0.000000E+00,0.000000E+00,0.000000E+00,0.000000E+00,0.000000E+00,0.000000E+00,,,,

Peak Vol Flow (m3/s),,,0.000000E+00,1.057082E+01,,,0.000000E+00,0.000000E+00,,,,,,,,
